"customer_id","order_id","order_count"
"fc3d1daec319d62d49bfb5e1f83123e9","8272b63d03f5f79c56e9e4120aec44ef","21"
"bd5d39761aa56689a265d95d8d32b8be","ab14fdcfbe524636d65ee38360e22ce8","20"
"be1b70680b9f9694d8c70f41fa3dc92b","1b15974a0141d54e36626dca3fdc731a","20"
"10de381f8a8d23fff822753305f71cae","428a2f660dc84138d969ccd69a0ab6d5","15"
"adb32467ecc74b53576d9d13a5a55891","9ef13efd6949e4573a18964dd1bbe7f5","15"
"a7693fba2ff9583c78751f2b66ecab9d","9bdc4d4c71aa1de4606060929dee888c","14"
"d5f2b3f597c7ccafbb5cac0bcc3d6024","73c8ab38f07dc94389065f7eba4f297a","14"
"7d321bd4e8ba1caf74c4c1aabd9ae524","37ee401157a3a0b28c9c6d0ed8c3b24b","13"
"9eb3d566e87289dcb0acf28e1407c839","af822dacd6f5cff7376413c03a388bb7","12"
"daf15f1b940cc6a72ba558f093dc00dd","637617b3ffe9e2f7a2411243829226d0","12"
"91f92cfee46b79581b05aa974dd57ce5","3a213fcdfe7d98be74ea0dc05a8b31ae","12"
"0d93f21f3e8543a9d0d8ece01561f5b2","2c2a19b5703863c908512d135aa6accc","12"
"3b54b5978e9ace64a63f90d176ffb158","c05d6a79e55da72ca780ce90364abed9","12"
"d95ca02ab50105ccce682bdf9ffdc3b4","6c355e2913545fa6f72c40cbca57729e","11"
"8c20d9bfbc96c5d39025d77a3ba83d7f","71dab1155600756af6de79de92e712e3","11"
"be1c4e52bb71e0c54b11a26b8e8d59f2","5a3b1c29a49756e75f1ef513383c0c12","11"
"f4c13379ddd0ed4f4fc1c0b49c2c5e51","7f2c22c54cbae55091a09a9653fd2b8a","11"
"78fc46047c4a639e81ff65f0396e02fe","f60ce04ff8060152c83c7c97e246d6a8","10"
"d6646ea91d8cd9fc7e6882a7068779d4","30bdf3d824d824610a49887486debcaf","10"
"cb87122c4871e202777cf243fbea2d12","9f5054bd9a3c71702aa0917a7da29193","10"
"e2f063c52fa92b54f186c62b90699c10","a483ffe0ce133740ab12ebcba8a3ccf9","10"
"1ff773612ab8934db89fd5afa8afe506","e8fa22c3673b1dd17ea315021b1f0f61","10"
"4a60b2ce1ee8c7b828e4bbcca5b86b41","f80549a97eb203e1566e026ab66f045b","10"
"0d861a5e4dd6a9079d89e1330848f0ab","ca3625898fbd48669d50701aba51cd5f","10"
"e7d6802668de6e74d0d6c56565bf2a24","9aec4e1ae90b23c7bf2d2b3bfafbd943","10"
"88324c93ce11436ae046563bf0da285c","c52c7fbe316b5b9d549e8a25206b8a1f","9"
"da2060eb547f7d8c1753879cbf5c4a02","f5aa338a071dcf7d23d8e6b116bfcab5","9"
"f4d64a735d1f90f13a057ca7f7b5ff87","f368c3e5edb7b7db5296654ed37464b2","9"
"679f84ceb2ee4ca5bca0c3ea34647746","3cb5915708fd5b47246994508f858ffd","8"
"fd2ae8c714a773f85ef1b53fbebeda1f","4affd1928d3900a415e9886a179d5124","8"
"f6af2b95b6be76fe88673d0a62a7db2f","612d140e314dab491efb33ec8219c2ee","8"
"20c93357daf05d1c3a092be59aea2c2b","9a2b443dc8e6673e4fc330b3ea033569","8"
"1617b1357756262bfa56ab541c47bc16","03caa2c082116e1d31e67e9ae3700499","8"
"aeb3d464f6b83eecd79d6fd58d6208fb","04993613aee4046caf92ea17b316dcfb","8"
"0c792d32a3251b4f69dae8646dfbedbc","be382a9e1ed25128148b97d6bfdb21af","8"
"4a38bf3ad3990d95c2c132f5bf530b95","848b0561d4bc26f57b288a5004f38683","8"
"a67a246af6ba598a14cc86df3c0354ee","7d8f5bfd5aff648220374a2df62e84d5","7"
"9ae4bf2bb990fa503baa7e1feaf6f60e","0c82a229fc22597c2361656cba8d3230","7"
"a215ee5514ab937a137a58f476f4ec71","7b598857cddf46a156640f69f70a6e6d","7"
"c455144b0c6e78f2574b7a92f22342cf","cd51709c98c738351915f79c4318675e","7"
"708761cac9260fe06a7ac1e921379700","1c437b4d4326d36b71e91dd7a7c2c4f6","7"
"6c7aa7f4eee619102606e20914da066a","487e6e67e10e5756f886f5994439c22f","7"
"64ece241ae357ffb4989f7970a6f6adf","9bdf94af058f959fbc09c3ea1eb32465","7"
"50920f8cd0681fd86ebe93670c8fe52e","1c11d0f4353b31ac3417fbfa5f0f2a8a","7"
"1205480caca6c37f55954da838933b8a","77df84f9195be22a4e9cb72ca9e8b4c2","7"
"046219c81738d6ee539ff6c04faa8575","c33368133f0a06d3c803f11e48f17309","7"
"3a6be57061ebc68cc00b74186fe7ce5c","8dd554aaa8e7d61ddde56ba4189c780f","7"
"159132ab31eb3c8a1061ed18967f720b","e332eda82fe7ca4e86daf4f71ca785df","7"
"2f6d72365267ce6048d9bbc1a9bd977e","df36d28de846593cdbc153e28f195cd5","7"
"30bb84b541c96af98ba7d90b9ebf35d0","ad850e69fce9a512ada84086651a2e7d","7"
"3947a361301f2ff0f3223159a0f2701c","e37f11cae9985ca58f0b56f268720537","7"
"3588bfafc0f566f932f95f707e3a428a","3e6f06c624c7f67d6a0710e39ca97f2b","7"
"368f207cdc8f5c93a2b2a5d4cce96ba8","62073ec6b54b8e6322037fc0f3591ad3","7"
"17f9863585a471e9ffe77c4d4f26ecea","83f0c4c6b1a3c31214ca8266dc888258","7"
"ae546948bceb228b6f6a1980f9c28aca","895dce73de79888b14581541cf3a811b","7"
"a828c4f615a8dd8518659d867b3012bd","dc3adcf742779e0c8eb5bd587ed4ec57","7"
"932289aae7b7195bc53d4c640ea071f4","df13cbaf3230c62a4b582317936e8a39","7"
"9608550726f0135e52d3d72c08783afa","dc43adc8cf44306503fd3db002d5db5f","7"
"5c87184371002d49e08b9ac10eb96647","d701dc60f61795a62070fa2494b6691a","6"
"00f83de98e791c2a4b779f7e61a4cf28","95805218cf245076d9ab20d75d1758c7","6"
"0179f2f4c32e0b0c2a4cb0d57e7d5a26","35990049382e07dba1a9ef3550cad655","6"
"01ff2b68ecb885ebd063584cbde546e8","f31821b89453086fb83d13d1ce46a51e","6"
"023cf83ac35d703a6f3c1b31bcf844d5","17784b9fbb37fb0bdc230d8ed6f6b355","6"
"023fafd700dff9fcc64d28e2defe98b9","4c374f090868ac5a5910f6b1fd383c25","6"
"05455dfa7cd02f13d132aa7a6a9729c6","2cc9089445046817a7539d90805e6e5a","6"
"06c2c1e92714f3fe285f962909a59c15","c3be15258fc4adeb2c7569983b4afb99","6"
"08a0a61f98f22952682f7e463ef2d43e","2b4d04cfb81d2dbb1ab48f9e2a7ac6b9","6"
"0b42763d66e65a34f6e2978facaf93da","a92bb0beb3fd226d50671cf17587f289","6"
"0c58662653c40d0aec41ff36c511c0e1","d573cf2d2bd145e4bc855132a6c815af","6"
"0d554604c3b40dee69eca5c62176f905","afe00f151e2a9c5924b2edb95736c11c","6"
"0df0d96998ff63a976f5ef546accdc84","e9d2f8cb1275cfe37dd531ac43bcb2b9","6"
"109f80397e4897bbcf56313c25850332","e726c0e987fd6d15b61c7effe28bde27","6"
"134c4f058da5373cdb64f3b4d0c2f90a","29f49e25d09d4c903d8b17278b5e59bf","6"
"13b4a30f07976e07d146e1d615f0812d","81ba9566702881081845a0cde9767e2e","6"
"167ee70e0133482cfadf96bbb2d5d804","7811343e37a3cbe3fd4755f1a448c765","6"
"17494c3f34d7feb4f62b47e76ea1be94","c80454d8f4c7472827a5b2ec53cf85e5","6"
"1a109d4469445a83961ebca889bc418c","58e7140d9d368a70076dc999a7a7bf85","6"
"1b2ab6eda1946a6ff386b1ae51431344","e699db09ff2550edf641974c32caab55","6"
"1b8ede5a4791e27daf584a5ec611f7d7","11e75c2a931a2968007c44bddf001102","6"
"1bdc548fd755c5d81e0e9ddcff5483c8","3f744e5030fb02e02651eb31d5204878","6"
"1c913a67c4f8ef08f6b99b68a1f8d38a","597233a841339cc9249ce67709f68574","6"
"1cad4a70058245488e56d4faa31717e3","f437da70eac9c43477ccfa608ce84deb","6"
"1d61114ff988a568ad5b62da890926ed","39f9559c0533f3ea56143c01bfdd7d9c","6"
"1fc148759f50ec10a03421aaf5efd89b","37311087440803cc1960343121d1de26","6"
"2065794a97f31e096168ad17c3b2c695","7d316b369d4c6b0a4ebeebbff5f65466","6"
"20c6d809dfbc5aa2dec5652ee604a91f","7708627520d1045aae5a3e31f89d3491","6"
"2142bf7ae61478494829dbaa1694eba2","05d30aafa32e3fedf6eafb2e75648eec","6"
"222e4c4d91c814cafc5badfe6a02c574","1446ae966d68c3abad1ca3a3ce58033e","6"
"223f5e3208f2fa202a8ff706a4d9b206","99330d45c3ba6f45ad5745f6de036c5f","6"
"234e3041fff1dc27bff9ddc5a7bbc7c6","186e84bd74bc46e35d08618b33f828f1","6"
"23a9e5fb434a3b654f4195d3e856d79a","201183426051cfc62c56f2414b2480e3","6"
"25c8e1fcd0c55a56b32d5f24db4c46b5","6bf83087dc6176ce753398bf1a976f0b","6"
"266ef8e8154fa4da8479fcfc85ccad8f","ab0440479873dd65da01b76ae53ec3c0","6"
"2a1f6d64684615ad73ce7d05586115ed","8f6f263a5e96515d5534199b74cb7748","6"
"2c8f11d30a852df3dacc6f0ce6ed357c","a2d8aaf39efc96fe140eda3e8f2e337e","6"
"2dbffe025a0f463a039b8e98f85e7806","674eb13687ba86abeaee12ece9ce0309","6"
"2ed8567c7952b9d78d2cda0a0679dd6f","9c4f3693a36ba481e0d9da739679660c","6"
"3008cf4a74a01457bd6c1a13dd303150","6d6491e68b2e416f68ec6e23e004d3a3","6"
"30e7b476534296021a9f7e0c289c6a86","57be20dc5f786ed372add8e3f28be447","6"
"33158e40adca9e94c660c997333e8b28","b945375051aa88d28c30fb42485897d6","6"
"35a68e6e1ebd3fa29294c6a7b198db42","cb47bdb6944b3df9373054e6ab62cf46","6"
"424bb0b58d2a1f8f1a185d44a8116aae","b7467ae483dbe956fe9acdf0b1e6e3f4","6"
"42b08ad3a6f9efff737693acc37008df","777c67eab7c0712ccde8ffbb22715adb","6"
"4427dd566bcfaa58251f2bc671d371d8","7e7c209ab4d09fe584822fd6c054023d","6"
"444f829ae8a3aba7097ee7e14902987b","0f597abb3c3850157138723eceba3f1c","6"
"44566495148f3f497992e83442761f82","2bb6b9ebbb0ae5423d46be8e62e09538","6"
"452b4efdbe9336436e03596e054a65d7","468c8b5d4cee2be214b52f9602980779","6"
"45919ce8424f0a7c9d630e5c18f66524","93f02e3d7633cf1fa948b35b5003cb18","6"
"45d23d652ab776714f444ad2daf99995","ce938f4382d04c8b3df8c773d3187449","6"
"473c77cd60d911e3b6d30859b4acf7ec","8608b68211e2b6a120ff2e767285e069","6"
"4870fd3dd96185117a9165d9be8cf09a","90551de7b2d0a7cae5254f30afd7b761","6"
"488119c700bb3cf6723a3216356f2e0c","a9c12c3dbd383763a49141b30627fd5d","6"
"48c83ab1910a8d95f8702dde180d658b","0f8532e6a9c1e86b215fda5c13f37fad","6"
"48d6a6909a9bd0b2128ea79630e52d13","aef2bc3845eb581cecce74b769d46c6a","6"
"496b6a69dc3a20cc0ea64bea9e1328c9","1baafdbda29613148a2517059b996b95","6"
"4a16dfed3e9e577413c82835fe057767","f3468d6a2c7586711e9952242898aad4","6"
"4ab8e8bc6bf0760c297e13dcab1e034e","6649ebec1c6f3e185a64238dc8729d72","6"
"4d95310e7834918e1575b9e9e456bafd","ac48e79befd4d8cbfb58047dde3e43cf","6"
"4db85f54c09882d9f1e37774934551be","b4a38163bca1ff981f0ccbfdbaca0a20","6"
"4dc417fbc348bf334bb2d066ab22efa1","2db6682455f3a6b47b5202e00c855789","6"
"5263febf1413e9a60ceb7b842008b7ef","6e5fe7366a2e1bfbf3257dba0af1267f","6"
"52fbd9fb0561eb0384eb3e5649d2a640","3cc744d9a46682c354778726d30e384f","6"
"530d2038f10bff32ab518da55c93cb0a","96eb7f709abac11cbb2502c63d8c1ae6","6"
"5465b7f5a979c889d268c5e502aea50c","4c966c07e48f5460c75f69d0352a61be","6"
"55e7cfd6e28d2fbfbf01477c1d6171e2","31dd19623d916b1848334732b797d5f5","6"
"5684d5bc5f337269ce0f7b6c40ef2ad6","45ece9d703e8c043b9e825c88a00c561","6"
"56d6082f14bf0030bbc257ee81aaed82","0b0809b2b64511c62fb745fb8b465cc9","6"
"58c6845f76a94d9d8413b051ae4c9d46","3e9bdc72197be8d2881273a27efc207d","6"
"5a2f4859466ef95b97e4029363d43433","e928cc82f61f2dcab3ad58d6e7200224","6"
"5a47dac0d86df8b85578ff714c28b4f3","3304c0c857a9c77a201a551f5a3cacb8","6"
"5c51fe11e0c3a016201653955c6090ee","69840aae60642aee7093192b37961c08","6"
"5c62fdf1110532d6dfc480eb049daf59","1b9c491d2bd15c21c2e2cfdda8769335","6"
"5c664af0ac60101f1ca9f331b338e66b","8b811ce1136aa62076a39e8b8957dcd5","6"
"00426311a53f3c052943c88b692a3be2","3c74b996c9db669050e3daf79f49d71d","6"
"5c9c326c6ba02d6301cb8c68292316f0","7af905809ddbaaed2af20592006857e0","6"
"5e312b0d9bf5c91599eb42120e633b19","2455cbeb73fd04b170ca2504662f95ce","6"
"5e63d746b7b0811e6e09d7259661ca25","d5bd26cb62e49fde71c09ef5039cf2f6","6"
"5f91bcc2059ea3621ae1e319a74f90c8","4ea517483bf1d3580730f6042334d158","6"
"620b70aca29bc1d6c4189c3f33a8667e","2793a15df4b2130bcdbe0f125eee15ea","6"
"62805c7202ebae4415d403475af64b12","87a12102217bbaab0f4184b345e9177a","6"
"62f766c82849282806bf2f62ca86432e","5ee63c8c9ae2e5c38791b35932cf4c69","6"
"62ff903909cb86e2b07156a6d7cc48da","62ce4e3989a3477928510bb4d1064cc4","6"
"6aba59b1c67fe19d82c9e2c568ad4872","2c52a5a630ca9e849ec5fad8932bab44","6"
"6ad78e330d6e0f3dfc471115f17371ea","3e073b27114fe955e184db124d34a566","6"
"6b7952531c69a1aa023c64d547ed6af6","17ca01c238bad17cd6c09179888b6d7f","6"
"6c44a903274653cddb1df3bcb05ac71f","3990f96693d321ac142fff312bf3706a","6"
"6dc03b7785c3ad8b1f2f69a96afaf0d9","ca9e949cdccd6ccd93a7d31c7bbb90ae","6"
"6deeb4ffef6cf320ef5a642302f04104","ad1aeeb1a99c9f021e38a49865bb812c","6"
"7171389ea6661b64e8c33ee5ad962922","e43f88863d1cc9cff18d753d439d42e8","6"
"71901689c5f3e5adc27b1dd16b33f0b8","4412d97cb2093633afa85f11db46316c","6"
"724c05aa6b2b6d25f0efcac808efbc03","8fc11d5503f6e2b6e15242e0365633e4","6"
"75aed59b70e7bad24efd5c22af562a9a","ddec8781012135eae3bc327d84072388","6"
"796ce94893586f6db66268eab548a442","30a022caf1ba5b86f28124ed216c859f","6"
"799967dc41acc279321517694105ea40","a23c7a7d06f1f8e9f6e45f934c7e106b","6"
"7bfd349ddcab469ad888395434783f62","b47f9f663e41971f0d31b1caa6468c40","6"
"7c6fd9b4e86393049fa65ba80b721759","35edfe0ed82ffa12bb88c0395209e513","6"
"7e1485fc18aebbfb8dc5ec5008db0066","8681115ee9073763981721e9e4cadbe3","6"
"82500d3c1556dca1dec4cd8ff1650285","2c3cc72ee484cfd2c93077c0dcb18c06","6"
"82cc4a44845768c5fe11c6580f2b48b3","5dba08d21f1386085c1bdd47548f34a4","6"
"856d198a0f044d71737a4f922b50b0f8","7683e28d403c6a04e30902e9e415eec8","6"
"8754b8b9a8d00bcaa22908f3e8079ea5","68a3e4dca76ceed7ef884e732b63bdee","6"
"87bbde35e6649328410a77cc82036709","44c536f6ba15a4faf44a3b9aa9ee803b","6"
"887c7d62748394a839bccbedc3175ace","a5542d780161a0c1c649d4e0f44540c8","6"
"890d848bc09129ea434222a7e2691708","c471a28c25283860362c67c0a1cd1694","6"
"8a9a638f63cca68b06e5787535092bc4","7b1628af9aa95c57c63665fb81cced3b","6"
"8c4bcd3c3737198f62421c18e0348554","200f4d883fcc701355e46b8c6035743f","6"
"8fda58f1e825efd45641ed85581f7d8b","9d6467a1178784a5748e266e3425c170","6"
"915b040fe51ec246edf9bd062ee7da8b","e09dd765041e9934d762d51ccb26adee","6"
"94a265c7d6fa0389f4fec04d4eae8b66","28cf49bbfe2683759d3cf866b7fda22f","6"
"94dd8366ec790734b50b0d346e5a1cb6","3613892d0bff9156e733d4f86a1cd12b","6"
"972b98e458def47c41a327df83f788bd","fcbe557f2bb4cd2409d67dec35a1e6f3","6"
"97f6f6eb7e2173cf88b0dd5b78b80070","090ece27665c1cc89eda287f8e834e11","6"
"982b5a55e0c254aad4e8a083ed3e2072","26ef358c39e6d1537243a3ede175c8c0","6"
"99a32bf8f0c54702217b584a4d220761","cc460ac4435835dfdda5526dfe84f01f","6"
"99c1966fdb2c3e60517a68e87ef4a1e0","44ca3a6e88412fa58bacabe95656aa63","6"
"9bba9922e5c4a943364dd5884bfba750","47399920ee7546351440204086acb793","6"
"9bd92695f99895ea3782608dea8cbda7","2e8644b6852a0e75700c764e182ddbbe","6"
"9c2429c51db5ad82c78f48935d39dafe","82acff152625d343c9ef91512401c210","6"
"9c8e51447d07719ca9d78cbaad9fea43","0ef8215c9266b279249871d0af611e2c","6"
"9cc0f74a146f7cbc321e5fcc10e961a5","c26ab0b30d07987314b27778194f020b","6"
"9e1a673f2651c20ede7dce5751950602","f4894d53b6be36cd0c12a1e648e35758","6"
"9e478f18132211e1d6cf2637d12cc559","8e8f8ef29c78c7b9c98cac70dd331ce2","6"
"9f1ad46564d73464434b221ba6ba08f4","06b8cdbbc86d64ea69af76036c523827","6"
"a05d492275cc70b7edef237403ef8fed","e55ccf4e8ae6aa77431729b1bf96d741","6"
"a321e7ff150748b73bb114a7af786911","672dabc5c0363afbe1ef39abf10ad92e","6"
"a544f53bd4ce0d11de2d68e3675ecfab","f26c31dc999a7994a4369c805f0bd029","6"
"a566b9ac72621f15bf0438dc1bdd95a3","e9d40a10468b79b4c35c82f1bf078545","6"
"a63fcd0e94a363c54647f26b254c6ee1","e5bc812e034a9041261c8637e4dc4497","6"
"a6d8c2fa92836346256c28d885d9eea0","d5211af24819d319c02a285e7bb51750","6"
"a6f56bc4dd05d5f3ac085cb1f2059b21","54a4cb7fbd793ac4fa5f2a5dd9e1fe8f","6"
"a7ab31829dc9a10f37e82b1e1afd26b6","03aba68b07658f28f29612641f08d4ba","6"
"a7acf0a4c0a4d6ea3d93b47a489219c6","3e141e345041b9a2a2648dca90d431c7","6"
"a9568489e5db4fb0153e27a71f4bc3f5","1349d7f4ec671ded42f2360828965692","6"
"a972623b3481cbfd95fa776b0067e554","c49be9a11fd13933307cc6a19b03a895","6"
"b0122e56650079ca699d17446a11bfbb","e0f7f2941ad3a817c0cdb8f90b13f0f3","6"
"b148b2b71b47b2bf513cb703bd07b63d","4c3812e7963e6b0932c6142e3d6a6b85","6"
"b751fcae2274aac027b38ae2b7e8b009","1daecbe2a13ab0881c418e978f1e08c1","6"
"b7919647bde69acc948baa47823d6c75","8adafb3466daa5395694d3a906ff9d40","6"
"b7c889215de76857c7967c1011125d2d","1a9543c90f188e2e4fb14327ad4a9c9b","6"
"b8122cc4df7b9f954befa38e17b1f103","62bd1bdb09eaee292d99c84bb06ad4af","6"
"b87e0079d0d0c17a5ce63aadb9eae6d9","0ec20feeac30045e916578f17c2085e2","6"
"bab47e7a1b74c94a99ea042acfa7ea66","47435f657d2323e5eb4455aa5bc6a436","6"
"bdced1e75dafe66bd70dc84af644bca7","78cf5dc2baadfbac2c47c6ef7c2a2282","6"
"bf000e1497eca1ec2c097e01a061cf6c","50fc570b5b9de1500a9e66edcc9d8525","6"
"c03b40c7971bc52b3d018247891270c5","8cd68144cdb62dc0d60848cf8616d2a4","6"
"c10bf120819db436f6a28de06f8a309d","a4f79d60f934a1fdc35b009f9415a8b3","6"
"c162bf3f0e129a637a3a63caaf4d17fc","b9f687bd75452f5a9050f0445c27b724","6"
"c21ad342c0ece538a14ad12f2fa17fc7","4bb1efeacab943b0b5364e7121fbcd62","6"
"c3539d3d4dfb2fe3b6de4bb8f277e989","7f5d123edea7962b20bf26e29262f9e5","6"
"c40329c5ca94144e1c4a130166521b66","9f36a6b11ec95b4f8586000d49dae422","6"
"c52f8523a6448c43354e5ca966f61e4c","7806407a20e7d38caef6b35ea7757142","6"
"c57c441872c2609f61abbbf8148a1ca1","ad71f559c9264f19bdacbc2062847e74","6"
"c799766de6042338158b08fc7418df09","7ff9920174c1d74237a6fcb73299c0a0","6"
"c87bdfa527f494e256901a8eaf082ec2","7b186487147f406839316cb0a719d4b1","6"
"c8b8fc6a174f7e78125428ff2e452cca","3caf6c286c8cde37ea9c0fb2da0e3169","6"
"c9b6ccc9f42e3ac60bb09a0f53a09973","5efc0b7fe9df7f0c567404abaa4d25fc","6"
"c9dc6fff8500f3735822d5356bcb0e1b","aa0b425987bdeae4a29c616a2bc3a08a","6"
"cc3f0f9c25480b83c834bf8af1435a29","baa821bd1dbd5c6d31c9b1c68f760b8b","6"
"ce4918541808858e8b59af10d2d0e229","5ccbf94709ecf3a81efaddeec8a2141f","6"
"ce90096f130e38392654bacf265b1f58","8a6b619c3aff55f02ec3cabe6d746ce8","6"
"ceb5e349cb72fe8e5baf15d9929e7e27","266f9c3f364a7ef351edb998487ae783","6"
"d19f254a07da73a055409256e9bfe40a","90349f264a3d6a2525a34598d09dda6b","6"
"d1e0cbdd01f00d151ff8e890d9a8f612","d1537836c453f9672f80c422d1af8cab","6"
"d22f25a9fadfb1abbc2e29395b1239f4","a3725dfe487d359b5be08cac48b64ec5","6"
"d2cb62917a62d79c9eaa46bdd9d374a5","3263e5243c28ebe706f7500cf88054ad","6"
"d3588db32cf2e767d97e157a9b9a753b","b7d49ac93afe42c4d1c6db6c1301b6d5","6"
"d3ecf0664acdf35f6e78389ed3e223f0","bb82809ea3ca9f3edbe589b60e14e0cb","6"
"d59025c30cdd8d747f2acfa5fdc2925a","2a3251c95a3d5c57ed230021faa588a0","6"
"d62b098e61643a06d5f8fd6ebcabdf82","cb3b0bc0bdf657e358637e649e0a4966","6"
"d6b34ea6f3d03379c79d63ca7bde2f74","f91234b89ca8c758b3d2be234acb0355","6"
"d7ee3bfb60f039d94e21001ab6a9a7af","32e761ce606f7a8625682e65990b94ed","6"
"d9335c099e6943d88ac5f8a7cb418b66","808c7c69c2778bdf4689eee0286e2bef","6"
"d9946163c70bfc5dccb45abf8786ef0d","9b32795311e821b3314911f55bb8a327","6"
"db75f12c87289bb25391baf511352864","60c46973a2a9ad727ea9c45695b2b312","6"
"dbe9495069f4ddb6875dfc83462d616f","cb1f3a44e8b8527e16913306a4d3de2f","6"
"dd3f1762eb601f41c5e289fa08dbc6bf","60b570df9018c6b6441017314a2dd081","6"
"e43a8c4a2cacc15e45d6a73beb2ee7e8","1a6b9a764637acbc39e1624a2211f548","6"
"e4e0289744e52cb66d68ae3ad7b49bd9","ce3756a051e619f9a749a8795aee498f","6"
"e61b859a115436605a21c45e607fa6b7","55298973d17a0c1dfb2281ae969a65d8","6"
"e6ab08e113b7a2bc8dd8caadf346b789","5e71f5832e566171d43c90da65f506c4","6"
"e898b5ef24833b9cb9e2d4f00b937595","cf5c8d9f52807cb2d2f0a0ff54c478da","6"
"e8d6d155e9cb014bd1c2db488b6746e1","0ecc87706e05dcabbbfe5aa29767e9d0","6"
"e91409937a0fd26a57310548858d1762","c87de2d1aece481642a24bae4b964b07","6"
"ed583a2a1eaf0dedc33af816153e8b8c","cf4659487be50c0c317cff3564c4a840","6"
"ee0eeeb62c7639298a849f360e1e6d35","bcd58566a69cec15b9dbecaf661df388","6"
"f142390d014395d7bf779fca41013d91","b95abf4aa5b57ad7551356eca72b53fe","6"
"f31c345639891fdc347c83b03e2ca2b7","76798592e95b1f75ed2b348e55ba742d","6"
"f651fadf067034d6d5a186390b45289a","3e7bc2221b2c46fafa06f741386784fc","6"
"f7622098214b4634b7fe7eee269b5426","912343626f370ead5ef2e85a9d757e22","6"
"f999d69f765c22961155f7c9347b3292","5c08ed25ee3f139b35a21c0c12944802","6"
"fac377fcf30218090635992d2467f12e","3edb50273f0fec7a7e340030467076bc","6"
"fe1ec043760b798cc34fc8cc717753cd","055cf2a6f9343f99acdb5e8f70e49bd8","6"
"fe25a8b8eb9ca365ba5b01f39f7d0d00","ba21298fdb05dad91b7b31f4b3b17364","6"
"fefe47950f42fddc66afdf7315a36dae","f2b00200fa3b427fee60eb4fa811720b","6"
"ff58662c328f81d3ee549c9caa942f39","8339b608be0d84fca9d8da68b58332c3","6"
"ffbd58aa41cbab07f08190801e939f59","2efe3d3b0ddc295d2ce1c43f021078cb","6"
"87bc0b31db47421f9c67a12145740887","df2c3731dcfbe2f0861182b341c71c82","5"
"215db0d9420c188518c58426fc946c9a","2f7201b5d9baf4deb546eefab3b7125a","5"
"e7659c6f9fc78ba546ee2b0615258589","51ceba3ba51d4b4543e7f78e181e0ba9","5"
"0355544e5f4818d9553faa520fedf38b","837d0f47af4d0d6a1e3fc98603bd48ec","5"
"892531dd80efb5118f754ca4edaa3a74","5d1ab3e75c76552ea4661a441fe24d78","5"
"014fb09b34197c57ae3c77a43d18475e","c5874d438cf199ea7c0f27967f6cf462","5"
"8b957e5233d9a21115cd1edb4c3eff0a","667a9c1939506fa573c58ac2f5900492","5"
"214fdd83f30952a8958538d5c861b368","58b7b58044c3055e8323fd59eaebea69","5"
"cb2906897f54322ccb67f79029cb09d1","2f839b79d9954ebfedeeba654f0f3de8","5"
"8f7f98641f858a2af6090fde6ac4786b","94c1ff18eed8c1bcedb78b7e0c27da55","5"
"0dc4b36ad91ad58ad99d1b882176c7d5","862367d9dd9e80263c5b728d8c81b2a6","5"
"cbab06c5976a687774aa85c1a6cc2f05","87f78de2f8a2b3547bfebccac7357b0a","5"
"91a10aff1998894aefda53b691a5d6f6","24040647efd179bd506acacbbbabd838","5"
"20dcb82c76edefd2efe1da92ac45e31b","20415b774cb7182a95736e3c1e4ea5cc","5"
"1f68e24da06f36cb8a5243e23c390bcf","18f4178d9b3c33fa79c1a0d5eb214023","5"
"935b0e35c27eff20b89b6dfe7753d31f","dd8f044a145ebf7152fc8a718cbd3412","5"
"94595ccee21b11325952776b516a0345","fb3cf8c9eb2412b0edc0a00a8f43a869","5"
"cbbb04f3fe930aeed1e330ca80fd40db","4c7af4d4c1b4a92702a56aa95db27178","5"
"94db7d7a01dbee71adc9c7e27ed822d7","b1d817ac8ea07419070180cf22b19fdb","5"
"f94d884e29f89343c8f2b9c74a345432","f12bf4f34d233f05db28768e5b10d9f9","5"
"954e58351016ce296c9b714dad1c5d76","64065ff7503353586b3dacf9aec56ae7","5"
"956346db615f7adb9ea991c5e4648c55","a7b8a73bcc7bf3850dc9f4907c5ee6f2","5"
"95e132f4d2c2698340f5cb26e07e510e","877448ea783b661571099dbd672a4fa3","5"
"1f4ee0a526add149673b89204cc86155","9ea90710803e4139de8c55d6d4f9accb","5"
"965c92c8332f6580e2ddba1564f1445f","c45bac21efb8f0856af311a0f8d67695","5"
"9707082565c37cdde7b05277988eb7e8","a272afa0c4a0a64bfd221905405bd452","5"
"cccbf26e7e7e5fa2fb575a7bc98f1638","f49051d4b155a83c8d939a1c6a850689","5"
"974809ed2f12441c5c99e5ab636c2af4","971255ac71ca5ab5eccc94b177e081c5","5"
"e906d6e3253ba71fca26df0314356f9a","5b7906a5a90957b0020ae90b2d7caf1b","5"
"980928c534a28c442a6865b079068f7c","7e41e7372ce6842cf380d475bf0927b4","5"
"ce667e4b89cd1137f40a8d799354b674","9c64b3536fb98572dd79bdaaab529f2f","5"
"98303708a4554ac30dd99ed2fb6f9c0b","9d4837e9f15d4e57e4783e22786cb407","5"
"98cea627e0afae6f6e71fa86174b819c","988a21449c85e5aab93c446596246149","5"
"ce8154e2083db0e68b12d0a13d6770fc","147973f607023fb30b72b31fc2744d13","5"
"00f394e6fc446865ac4097b6db69ef4a","a29c25c2c9c3100daf48a25880312c23","5"
"1eda56b47988d592fec945da9ee88c56","eb188a175542057d90b3ca5628b7b5a0","5"
"e9a600a9582d96365e2d57f4e2f6533a","0cf6d9903d24cb0d6ef8817a9612fbfd","5"
"ed55323db262c574ffd5a532cfa08df4","dd7cf61b3197740df7b6bf61bbfa6994","5"
"fa5f6226717c8c528fa82574b1ce9836","80176445f6976a30f014195eb46053c1","5"
"d1ec48f722227f712bd7c376e194dcc2","166029aa4dc1bed21f0d50ebdb4ef286","5"
"ffa5d7160302ea1cc18a275a81930a42","54a444c922f6fb6c0351d8981d9c5ded","5"
"9dbda069f00bfa90c6a45c0ed7d2597e","676d6ec8daa75f6ab88d0b539523aa0c","5"
"ef5334c2e6874f5328bf3dc9f3674416","bddbf3e2e05b552cf012d0d967e75de9","5"
"ef71c5535a28abdda262e72781f9fa3c","9d230d6d2c7b315e6420c9f2c0a85938","5"
"1dbc055ccab23ed894267767e268e8a1","61a4e749e6975384980e883fc5653d8b","5"
"9f0b591bc0110c16bb95fdcb47878544","b436eb981676e54c0bc9bcade0e079c4","5"
"ef81b90301795cbf03ef944ee16ed438","dd4cd6ebc3cef5658a5a0b35c7d5e417","5"
"a02334ababbac97e012344f330e4fbb0","26c2b0e7dd3eb988721bb042f783c80e","5"
"d4e2dcbab1ad66726199ef6c1651ad6c","e838452caf63df94d1fc9a3253734414","5"
"3630d5cbfe4ca876909fde0c7c90068f","5351f503c54ee55d453e848ab9b922cc","5"
"36701610f09fb06017249cd487f2ee5b","ed273cdf7e2668c17d6cb199ad52d7c4","5"
"35b6033213b51c89ca1e4e35de9a45e0","5e703e05bcb502963f75e2a2a2eb7b73","5"
"36ec1e0f44dd8a859548c2210b381e3a","91866c79939321e63218d7b71b2b26f8","5"
"373024739dee7c3429afb222a999bb55","656689d74b6f04ec228f13e98fc9b15b","5"
"388025bec8128ff20ec1a316ed4dcf02","82bce245b1c9148f8d19a55b9ff70644","5"
"35864582d9b9cab28936cdf255711c5a","a1123c93471aa08ec72dfd5c941edcdc","5"
"399cc941c7a8a325c3c3bd68f9aeeee9","a45d988c5f5764f548ae6fa14a8ee773","5"
"2ecd7b05e49716f5a4efb5aa0f4cc899","086928951ba74a6682919fc942c458d0","5"
"2ea5983ec2edde5dcba726ea64e9fadb","8ac5b235603eee2e21e36261b2df536c","5"
"3c71dc159116331b7643d296a921f725","93d8685fec4218f06bf202723dc1da52","5"
"3cece65c04345bbf576cca0ee4059189","1cd0a2330def1be519e011cc6ef20db4","5"
"3d4bc7f585bc0534e4a0c00c086721b2","ae8b5df90eaf220f63f5ed4865cd222c","5"
"3e337c99e0f5ff7ba9a4b98fbf7412fd","a98012aa8c697f2bcff9f8c2183e0f2b","5"
"3ff4f431d869003febc2f46b985d16e3","c1961b98e4fd21637c3d46794c5ecd19","5"
"403623ffbc1aa898df2232554fcad473","98d327b68db476d9384f34d87a4244cf","5"
"4146dd1b456444cd54142b5a7c4b9405","bcdbb3b243d4e882503b919785e2343f","5"
"a1a52dda6ac52aee936ad06712027b83","53cbc02ffe278ca84b6f4920d9d3ecd5","5"
"1d917604cae5efcfe88ac9a27f8455d8","02a065131a2d2b72b45e2c63135606ad","5"
"42db86d932ba029e4e0290778ebfc59d","c894fad29c885c81201d9bdd80cd68c5","5"
"43cebded17ef78782f347b0bf5eaae5b","74c8fc29ba64bb72272c8025c00bb85e","5"
"a302033b7db39c0d3521b729a3a64522","05728fca024954ba1ce915ad5c94991f","5"
"d5504bb8d69de23d8c49bd96e55e51ec","048297b4e795502db60be292e12dd390","5"
"a394618720ff7647542bb5c14285eae4","4e022ead5e2400d39b29402c979aa681","5"
"448945bc713d98b6726e82eda6249b9e","bee12e8653a04e76786e8891cfb6330a","5"
"44d53248bdd39a477bcf6278e73a2844","6683aa4f73f7869ec65ebeeef53f700b","5"
"efed398f3de8a78b7947750a5f1435ba","f7a94ed5a5cf7c0680e0d3271163bb3f","5"
"0b8eb01b2a378b535126bdf817eb1761","02e0c2efb6d9bb2a95ca90b7e78bec1f","5"
"fb51887c8244b5ca1d8f1f9e1b3bf4e7","78cb9a560d2efd85da4adc637aab727f","5"
"4619492b155e0aa14feba59ad43194b3","497463bc831a82dc0db5cdbb85c3a33b","5"
"466fc410d15081af6868cdf2fa2322ce","cb8a63e70a7f664281f701b6abd79fe5","5"
"1be3aceab3595d6f6b923858d5b44edd","8b486b19bcb4db26c3e24a6e6d4e2e39","5"
"068830daf2867cadbfc655e6a413388e","19f05b5a76e0e3f1df1ebaeef9bd2f8d","5"
"a6d9e3593fee6cf4000e7fd40e14a15a","122c0857cda2681ca041cded5e95741a","5"
"f22449ebc3dcc171a096c27de4c3a901","5448a97fc343f6f23807effd01938241","5"
"1a963bd5c5e5549042046bdf3e098358","a0e747c954a595b0e3458c87ab1a4958","5"
"490c0ea9e613c1769e6a9fc3034753e3","438fe4022fc830fe3bb159983edd13d6","5"
"49253ab6642f4857f50f36d4d9005289","363524b17966c3a64696d5a68c5f4d34","5"
"f2c2929ca63895910ff61424f0bc86f6","0c87b31e37ed8557e234cec91546d4cc","5"
"d848c524b1e0639c9bfde8852bd810e4","b47238f009b4f97b2676067d6c0c0386","5"
"2b7b9574c7e5ce266ee57ebd7a5ca094","c3a071b5ca0f9c693c5276d4dcf7fdcf","5"
"2a765049d9cac17ae2fe993bf573016a","895764a4b54b7193c02aa784fabbcaeb","5"
"4ab4db2f93c68d5914dc5eb566dc486c","f930a1f6247ed00d6fa9d8a09782c7b4","5"
"19d04e5c06403cf04a62edc4f1ded818","a9fb450008d4a94311a7288937b880e6","5"
"4d0c84801ed90639fddede4c7106a10f","e50118751e7505e22fb6491d648be823","5"
"4d7fc7b184089eadde3dd0133adcda45","3b12b05b1ef9fd1f18face4e10c50c2e","5"
"f3191db55e494d3b2261cde6f338cebc","9cb058ec33cf6725b0fc1cf24525af9c","5"
"06757e2a216429d601d7cda36642769d","19367a2c7e1dce7c26afa959e0581da2","5"
"ad5b13bf0d52d34619b22b66ef348361","e2d992dfb23aa5b768db449b84b8200b","5"
"4fff50831fb0de5d5461901048e2df79","dab1208f2886c43e8bd155b40523d343","5"
"261c8817697d0a60fea72f6cca043535","73e08c12d3981af1a3cf6580a9253fb1","5"
"520a639ebde74dba27ff8cd45874d67a","21a724726546c32790ded320f982a506","5"
"1993a85ab0559032b87d850e75d80d0e","2e5cfd97555ff101c1691c3a2d4f5bd0","5"
"196f617ec14599ab7ceb83a6117fd9e5","6bef43b399ad748e06bfbd0a31efcfb9","5"
"ae8dc9a1f298680124ae2dc18e37cb34","7e61a4c6d93d6ad8a4ca4a8d00094339","5"
"5352d7b0e81c3b107191e70df710c5c5","84f89b4f4b956843277c6b990bd06b2f","5"
"aeaf1fb7be72ad24e2d1402992ca1712","8b834cd52afbdf1c2837ce5b7e9c6f21","5"
"55840ff4caf1d80ac296d0b1ac968b53","193a665b822ac18f6b67b7705da3d66c","5"
"55c72a24117236fa6e1e89bb2b4a02e0","2aaab7e991347226dbda1f61c6785f88","5"
"16723834970d6241faf5d1899fff6459","79b7eb93349ff756b079e5cb0195cd1f","5"
"aee21b4b5c2353821f920fe3a0799320","08e4ccc1239f87c9220cd6a87996d455","5"
"af53cb36eff709464404f2d00c290c41","ded9b5ad95de67a5c760e7941c8309c1","5"
"57faf08fbe5cabf31844e466b478108f","7509453843e932c3120d2e3c8bc4563d","5"
"b0103288d3ba083d3c76003e1c164b86","1a537f94e57acdda6cfad59696759417","5"
"d98e2b868083ab7e97b60803d6b805c0","f5566b53a548c260ec13d2399e7f0d53","5"
"b0f06b1979dedd3f28f8f0d5e4ad08fb","309f6784abccce4e6e99672dca8ff4cd","5"
"5a8b3e70cb6bfdbc353bcb5ae2b4d4eb","5020a3db49225f967490d76021c7d13a","5"
"5af63a2d0df1794fb3f30708e1d4cf4b","a27544b4fea081b6353b05318c2d7944","5"
"5bdae14bdd8d815341b841422d5c2919","f726de924d4419207ba2ba5f81608a24","5"
"fbd2a08da7b03d6aa249b3b68ce13170","2b0d2d60eaf705257bf8fc3eac1680d6","5"
"b1af08103e1e17838522e5b9fbe2ed11","3d374c9e46530bb5ed4a7648915306a6","5"
"da134898266eacd500b876754de64a37","2777d11affc76c7163a6c3e0e739aa56","5"
"0551eb34013c485caeacfd2915dbec96","cf49bdb4bd3a57ea5f439199c69d5911","5"
"03e3a430d50d6e1123627d133c65d5c4","6816ae2fd8e9a4a6674dc2eb053da35b","5"
"5c9d09439a7815d2c59d2242d90b296c","198cbd4bd806061597b3f8fbdf126ad6","5"
"b7e6aeaa41986f2a6652b734b62dc1e4","7d5ff38bbe8e85dd2a181ff339eb11bd","5"
"f48c503766cc6385fe6947e623c20b65","b13efaac3f8cb7730ba737059abc614b","5"
"5ed6898bd3fdc2ab89d77d5581a8671e","b271c938db8f7fbc62ab95a19eb2becb","5"
"5f009a508f2a4bff928bae59151e9587","168d3552147af1da6282c46975968c45","5"
"b854c2a4e09bb1ebeacc74b225f4ec0e","b8602ecb5d10f27cd89d0e7b5a8ec2a8","5"
"603e5fb8eb576575546d8880846aaac6","14be6c27cfb9d577528738b7bb45139e","5"
"6058d310d497d1af90c0f2058955efdc","fb8e4428d340ab5bfa482ef6fc97efbc","5"
"6059aa1741543dc3611f547d6c21917b","8fbcb92faf1aa60361f61ed7ae721a7e","5"
"61260c512475ab1d7519b332199e8c1d","3f5a1c29c5881cc9902ed702efbdde45","5"
"61a81040aee00781a11ef32ebf346f1a","6e29fafdff2b42dbeca7ed271dea0fc9","5"
"61e64c5257a4101a66a2e65228e1191a","4677e6e3e54b79b7ae98dede52d8f2b0","5"
"0340b2de09f18a986fea9f26cc7b2d9c","34b3d6f518fb789c443e4ec00f9bb0ce","5"
"b9067875e231cbef9ac17a3a366a0bc6","d98c5ae5ced12b3d997f7b614a8f1bb7","5"
"dc69181d72e06422c621c907e5f9a384","c6e5497dfca3f588f76e2542f686a5f7","5"
"15df03bd579b23b85e60f0df52b82249","4bf082888a1de1a60eaa2949a30adf78","5"
"638c6674418fc58283a73c078bcb076f","118045506e1c1dda060171af43fe11b4","5"
"6391b6b3125ec6fbe82bf0e2d616337f","17a4db677e57484f24eb68217b8de4c1","5"
"6401d6c168371c1fc964bd3c3077b6cd","ea452bd7da485c9376c3112226d21b25","5"
"642f858f2d65c052cfa9058e21181a88","66144189f7b5fbb4eb76eb513ac33a17","5"
"254fe3d1ed9fed6bdaaa505dfa5669eb","df7c36238f2fe34a946b480a147a040c","5"
"652084fec8b64f212491016127526bcf","0c57cbfd927d9e62af8beee6d48920b7","5"
"670eab28ba915090480ea51423be62b6","f4f72cbdd627c62c098af2a02c335f37","5"
"672510553bcfbf72de694db2cd88f046","0148d3df00cebda592d4e5f966e300cc","5"
"252988522e60b58e19fd939fdea69f1a","70a94c2193b6a1b10aba885c5129f5ee","5"
"68914b86fecc505772fc79427f0cbb29","0a308be0b454b3664e06318c9bd6a5be","5"
"68fe35f2befb496c88c469dd4120dace","685eef0e70bd850df886871cc0917e81","5"
"6a22bc47f4e4d19f68ea3691bc6a49fe","e80816e94dec73e777b4951533d8f50c","5"
"dcbedfb087496e64857829044630a2b2","3174b803120ff7406c6d04c542a80bfb","5"
"121d975fd057bd1856669b183a42aec3","97c404dfeae6c85bdf1e01bee13dddf6","5"
"6b396d9b6befa4b0deb7b570ab0df6cc","350aad4e4bc8240326121102708f0504","5"
"11342c1fb8b203ab328495db18dd8caf","1001fec33bc88a484d7431bec2147348","5"
"6c08773f9b71292c7089d4bad0fbc38b","324fa8fbfb831d603c99858e4ee49d14","5"
"6c0a32063bce9f24338b38d689988b98","4dac5a355ca2b9da23d60ed243be5673","5"
"be6d6b80ed0d80156defc8802d89eed2","6b686186d43eaa21c407ecf34ebb9ee6","5"
"24c2d36dcc7f3ff6e41738c77dcf2def","be754126110440ba89a5456475333453","5"
"6c9fa2988ebdbc1b1af97d9f21e7ad37","87d65accbbf482b8a87bd13bb444cf6d","5"
"6cd71f974e1d81ec38b53156b34621ad","fbf6a5df377654baa14f40156140e563","5"
"6d52fd2bb97581b9a3fd5998e06f5c46","3789e9b1be0db55442c1ae8b24ab51ec","5"
"6dbfa12b33da73473d07c931f4d50996","47c06c1588f9c9cb71462e6d39893f63","5"
"01bb4e5dc779fa3f09a2c2cdf9561f7a","d35d04877fd2f044b404b6e80567532b","5"
"bf1642bd31cb9d9bf2c1902832a53bd2","ac8a7a5a2eb68fd70147207a05c5e9d9","5"
"23fd1057f419241e5e9307e2ce4b0b28","43e4d5ff99bd1ca2d1cecbbf81067f4d","5"
"715d3b0fa859b738afff1463a14395bc","fb7d6ea70e823cfb1afca3524282cbf9","5"
"df1f8cd492dca10f9819016400f5cf9a","13c6bd504e2a5056f0f471ea7b220507","5"
"c0d62b7f7cbf132ac5b63980cae215e1","47d7bd38284cac71afd4fb618c810b6b","5"
"df658f2a78db737ea87e376b8e4c00af","c464b6868164be2381b58e1fc6caa2f7","5"
"727ab4449f530b9af13f40fa8e528bff","a9c8ac0c26c178f0ad33618f96225a01","5"
"7334efdf6ae2ad70391ed83ac5739170","934687c37e7180c1b553ffbf3485af95","5"
"7351112249105109b7979df7a2fa2e59","6dfce09652603d20237e1bc7caf8fd38","5"
"73522d9ec5b4e4b71550fc64f77cfa27","f6a40045364c9ef1f9405ef1d094c389","5"
"73c96542370e29c3df46ca13fd868b31","f5bbb2a9895fe8531e35393e1efd901c","5"
"74a0abd1f2dd67d34a3b98709c173e46","7954c75cf9a8876258be26911d9e9501","5"
"74cdb1ab8c425749c6f327357549b4e1","76e1398ff6f5ed6b681d270df349e3f8","5"
"750f02af7b06bb81d84d3e44b9afc6d3","0ca8999f0176e37f35b6e49a9b2569da","5"
"e165d4c6a0d945a813e8a3bf42faa500","03705afa0a4aabe1a734ddb11c1df3f0","5"
"75e6c4cd1f1a7a1b4e1ffbc53a3942ee","627c1c31327bda6f11b5e7c613f1d366","5"
"23fcd188754d0d9eab9487ac6ccc99d9","df421353d656af08ee42d32fe894f484","5"
"e2b3cf60eee891a56eda93f5ae37ad68","ce7cf6dd8f80dfb98716950ae40eca59","5"
"03a6f3a3935165f5d26f4797ba6039bb","83167649ca3fb63d1a7daada42232e14","5"
"79f7aa9269886210f054b5337f326474","403bc403b9cc4b10bc0de6b86281728e","5"
"7a0f062f324124b39f475b05b9c77177","d66cd5f088e61b54931e6a5fd6b53198","5"
"7afffca41e83ce5daed57b022ab5cd74","1ae8a88bf94d02224f932e18297baa64","5"
"7b27139522c36a37118d6eb8402f1d85","7eba0b6b5cb480d65416e26e2528d250","5"
"f52d6c5cdf9a2638cf24e11bd300c158","5601fa41e5818b9941a6bdd21978b6ac","5"
"c44591b0739eb5323ce32b31619a6396","d8ff321383376dc17f0dc69b56fecffe","5"
"7d256faf9786f86ad032ffdc9554ea2d","309b9de8813533826a3005f94bee92b9","5"
"230c0d740401730c7197d16376893525","f481e2c2c039ab1665d048d7e2cf5e00","5"
"7d9b1c193c6ede14cd426b570a339739","7c441024c62a371aab679196a26a5837","5"
"7df9914b5cd074d81dcb343a7107765b","5ad674ed6e835a39a6a7d73bc989ce57","5"
"10d74e1a3adaeada0d8da4a2b2891cc3","14b01335f19b97fce1437168032ae388","5"
"806be13e55f43711b59f751f9ee83022","6232b520aa859c47ba46e5213737f418","5"
"80b7b8a1805fa231354410ca34138c7c","e5f5689b67b74eb43cb33677b9595f5d","5"
"81f23b87c6d4f9f35623839be4c81a06","1bc2c38cb1ae7c211bef71067808a22f","5"
"f648883563c14819f5e6419f89c6be9e","46cfd37753bbd00f768165cf4cb7ace1","5"
"fbdea18ec346682a0dd7c542c56e74ff","11bfb5214a47c5a12e3dab8cac01c304","5"
"82dadd35c959838f756d2e8f3ef3f330","95d6357ffe41aa6d2998852a710c70a0","5"
"8541665e9f73b628748b234cf6bb46bd","4c7061e57405537a32f8c9dd0a194d68","5"
"0192827582be43c2180aee98a48933fa","a669137c06cc23b7962d63be3a2ad6d1","5"
"c86d48649ada1cc512d6376da4feb479","6a2726fdb7d200560870b229000f73db","5"
"e727991c9f9c297620b5d8e6ff320f2e","8b6d201fff0b1b32e59f7cbdc6beaf54","5"
